{"cameraMode":{"drawMode":0,"name":"Shaded","section":"Shading Mode"},"sceneLighting":true,"audioPlay":false,"sceneViewState":{"showFog":true,"showMaterialUpdate":false,"showSkybox":true,"showFlares":true,"showImageEffects":true,"showParticleSystems":true,"showVisualEffectGraphs":true,"m_FxEnabled":false},"in2DMode":false,"pivot":{"x":-1.2713191509246827,"y":1.5379407405853272,"z":-7.025245189666748},"rotation":{"x":-0.03479952737689018,"y":0.014088845811784268,"z":-0.0004890138516202569,"w":-0.9992976188659668},"size":13.752019882202149,"orthographic":false}